accuracy,support,precision,recall,f1-score,precision_weighted,recall_weighted,f1-score_weighted,samples
0.7783783783783784,185,0.7169548243167875,0.6199506629663891,0.6347922384322788,0.7565969762288781,0.7783783783783784,0.7474330895968913,921
0.7142857142857143,7,0.35714285714285715,0.5,0.41666666666666663,0.5102040816326531,0.7142857142857143,0.5952380952380951,32
0.7692307692307693,13,0.8636363636363636,0.7,0.7067669172932332,0.8321678321678322,0.7692307692307693,0.7379988432620012,64
0.45,20,0.3958333333333333,0.3666666666666667,0.3732193732193732,0.53125,0.45,0.48290598290598297,96
0.8076923076923077,26,0.76875,0.8233082706766917,0.7815126050420168,0.8466346153846154,0.8076923076923077,0.8164188752424048,128
0.8125,32,0.7916666666666667,0.7545454545454545,0.7681159420289854,0.8072916666666667,0.8125,0.806159420289855,160
0.8461538461538461,39,0.7946428571428572,0.7444444444444445,0.7641129032258065,0.8379120879120879,0.8461538461538461,0.8390198511166255,192
0.8444444444444444,45,0.849624060150376,0.7348484848484849,0.7664936990363231,0.8461152882205514,0.8444444444444444,0.8294539164813441,224
0.8846153846153846,52,0.8468085106382979,0.710594315245478,0.7523809523809524,0.8774140752864158,0.8846153846153846,0.8706959706959705,256
0.8793103448275862,58,0.76875,0.7925170068027211,0.7797069994574064,0.8851293103448276,0.8793103448275862,0.8818642767601549,288
0.8125,64,0.8074074074074074,0.7004830917874396,0.7257142857142858,0.8106481481481481,0.8125,0.7932142857142858,320
0.7605633802816901,71,0.391304347826087,0.48214285714285715,0.432,0.6172688303735456,0.7605633802816901,0.6814647887323944,352
0.7792207792207793,77,0.7029850746268657,0.6234119782214156,0.638896551724138,0.7551463461911223,0.7792207792207793,0.752909986565159,384
0.7738095238095238,84,0.6597222222222222,0.6117408906882591,0.6242053214033435,0.7471891534391534,0.7738095238095238,0.7540504782087074,416
0.8,90,0.7204968944099379,0.7204968944099379,0.7204968944099379,0.8,0.8,0.8,448
